<?xml version="1.0" encoding="UTF-8" standalone="yes"?>
<ns2:ExportManifest xmlns:ns2="http://www.pentaho.com/schema/">
    <ExportManifestInformation exportDate="01-12-2019 01:38:03 ART" exportBy="admin" rootFolder="/home/admin/EXAMEN-FINAL/" manifestVersion="2"/>
    <ExportManifestEntity path="Hora.cda">
        <ExportManifestProperty>
            <EntityMetaData name="Hora.cda" createdDate="2019-12-01T13:26:58.085-03:00" isFolder="false" path="Hora.cda" isHidden="false" isSchedulable="true" locale="es_419" title="Hora.cda"/>
        </ExportManifestProperty>
        <ExportManifestProperty>
            <EntityAcl>
                <entriesInheriting>true</entriesInheriting>
                <owner>admin</owner>
                <ownerType>USER</ownerType>
            </EntityAcl>
        </ExportManifestProperty>
    </ExportManifestEntity>
</ns2:ExportManifest>
